{"_timestamp":1.742208323457065e+09,"train/reward":0.828125,"train/grad_norm":14.8137788772583,"train/rewards/accuracy_reward":0,"train/reward_std":0.36403755843639374,"train/learning_rate":1e-06,"train/completion_length":64.5625,"train/loss":0.0001,"_runtime":114.987221527,"_wandb":{"runtime":144},"_step":2,"train/global_step":3,"train/rewards/format_reward":0.828125,"train/epoch":0.0012636899747262005,"train/kl":0.0027103424072265625}