{"train/global_step":13,"train/grad_norm":8.188586235046387,"train/rewards/accuracy_reward":0,"train/learning_rate":1e-06,"train/reward":0.84375,"train/reward_std":0.27328528091311455,"train/loss":0.0059,"train/kl":0.147705078125,"_wandb":{"runtime":664},"_runtime":635.928602025,"_step":12,"_timestamp":1.7422684108637695e+09,"train/rewards/format_reward":0.84375,"train/completion_length":35.4453125,"train/epoch":0.010951979780960405}